{
  "data_integrity": {
    "n_samples": 205,
    "n_features": 17,
    "fit_percentage": 34.63414634146341,
    "missing_values": 0,
    "n_raw_features": 6,
    "n_engineered_features": 5
  },
  "duplicates": {
    "exact_duplicates": 0,
    "functional_duplicates": 10,
    "redundancy_percentage": 4.878048780487805
  },
  "correlations": {
    "all_correlations": {
      "iron": {
        "correlation": 0.04443940369427962,
        "p_value": 0.5269312381641873,
        "abs_correlation": 0.04443940369427962
      },
      "carbs": {
        "correlation": -0.13623125172400644,
        "p_value": 0.051451156858904244,
        "abs_correlation": 0.13623125172400644
      },
      "vitamin_c": {
        "correlation": 0.5774803957976286,
        "p_value": 1.2554026937597208e-19,
        "abs_correlation": 0.5774803957976286
      },
      "protein": {
        "correlation": -0.040074327471851454,
        "p_value": 0.5683401164701177,
        "abs_correlation": 0.040074327471851454
      },
      "calories": {
        "correlation": -0.208572674531202,
        "p_value": 0.0026898633608297045,
        "abs_correlation": 0.208572674531202
      },
      "fat": {
        "correlation": -0.1754679799024842,
        "p_value": 0.011852283950632144,
        "abs_correlation": 0.1754679799024842
      },
      "micronutrient_score": {
        "correlation": 0.5390950418440851,
        "p_value": 7.498286477073402e-17,
        "abs_correlation": 0.5390950418440851
      },
      "energy_density": {
        "correlation": -0.20857267453120198,
        "p_value": 0.0026898633608297045,
        "abs_correlation": 0.20857267453120198
      },
      "protein_ratio": {
        "correlation": 0.20940216370189793,
        "p_value": 0.0025839855490244036,
        "abs_correlation": 0.20940216370189793
      },
      "carb_fat_ratio": {
        "correlation": -0.026755583592443132,
        "p_value": 0.7033461655238176,
        "abs_correlation": 0.026755583592443132
      },
      "nutrient_density": {
        "correlation": 0.4527113516879435,
        "p_value": 9.421961384358683e-12,
        "abs_correlation": 0.4527113516879435
      }
    },
    "high_risk_features": [],
    "top_10": [
      {
        "vitamin_c": {
          "correlation": 0.5774803957976286,
          "p_value": 1.2554026937597208e-19,
          "abs_correlation": 0.5774803957976286
        }
      },
      {
        "micronutrient_score": {
          "correlation": 0.5390950418440851,
          "p_value": 7.498286477073402e-17,
          "abs_correlation": 0.5390950418440851
        }
      },
      {
        "nutrient_density": {
          "correlation": 0.4527113516879435,
          "p_value": 9.421961384358683e-12,
          "abs_correlation": 0.4527113516879435
        }
      },
      {
        "protein_ratio": {
          "correlation": 0.20940216370189793,
          "p_value": 0.0025839855490244036,
          "abs_correlation": 0.20940216370189793
        }
      },
      {
        "calories": {
          "correlation": -0.208572674531202,
          "p_value": 0.0026898633608297045,
          "abs_correlation": 0.208572674531202
        }
      },
      {
        "energy_density": {
          "correlation": -0.20857267453120198,
          "p_value": 0.0026898633608297045,
          "abs_correlation": 0.20857267453120198
        }
      },
      {
        "fat": {
          "correlation": -0.1754679799024842,
          "p_value": 0.011852283950632144,
          "abs_correlation": 0.1754679799024842
        }
      },
      {
        "carbs": {
          "correlation": -0.13623125172400644,
          "p_value": 0.051451156858904244,
          "abs_correlation": 0.13623125172400644
        }
      },
      {
        "iron": {
          "correlation": 0.04443940369427962,
          "p_value": 0.5269312381641873,
          "abs_correlation": 0.04443940369427962
        }
      },
      {
        "protein": {
          "correlation": -0.040074327471851454,
          "p_value": 0.5683401164701177,
          "abs_correlation": 0.040074327471851454
        }
      }
    ]
  },
  "circular_features": {
    "detected": [],
    "count": 0,
    "formulas": {}
  },
  "performance_decomposition": {
    "by_seed": {
      "0": {
        "RAW": {
          "f1_mean": 0.8622704517704518,
          "f1_std": 0.09113829054179316,
          "f1_scores": [
            0.8833333333333333,
            0.8833333333333333,
            0.8833333333333333,
            0.7375,
            0.8990384615384616,
            0.8901098901098901,
            0.6703296703296704,
            0.9466666666666667,
            1.0,
            0.829059829059829
          ],
          "auc_mean": 0.9081632653061226,
          "accuracy_mean": 0.8828571428571429
        },
        "FULL": {
          "f1_mean": 0.8785174322649295,
          "f1_std": 0.08693757470137381,
          "f1_scores": [
            0.9442970822281167,
            0.81524926686217,
            0.9442970822281167,
            0.8833333333333333,
            0.8444444444444444,
            0.8400000000000001,
            0.7333333333333334,
            1.0,
            1.0,
            0.7802197802197802
          ],
          "auc_mean": 0.9421899529042387,
          "accuracy_mean": 0.8923809523809524
        },
        "NO_CIRCULAR": {
          "f1_mean": 0.8785174322649295,
          "f1_std": 0.08693757470137381,
          "f1_scores": [
            0.9442970822281167,
            0.81524926686217,
            0.9442970822281167,
            0.8833333333333333,
            0.8444444444444444,
            0.8400000000000001,
            0.7333333333333334,
            1.0,
            1.0,
            0.7802197802197802
          ],
          "auc_mean": 0.9421899529042387,
          "accuracy_mean": 0.8923809523809524
        }
      },
      "7": {
        "RAW": {
          "f1_mean": 0.8494930732253249,
          "f1_std": 0.05511366724367037,
          "f1_scores": [
            0.9481481481481482,
            0.8833333333333333,
            0.7857142857142857,
            0.7529411764705882,
            0.8928571428571428,
            0.8119122257053292,
            0.829059829059829,
            0.829059829059829,
            0.8809523809523809,
            0.8809523809523809
          ],
          "auc_mean": 0.8941718995290424,
          "accuracy_mean": 0.8683333333333334
        },
        "FULL": {
          "f1_mean": 0.8792035518759658,
          "f1_std": 0.05321617683271392,
          "f1_scores": [
            0.9481481481481482,
            0.9442970822281167,
            0.8444444444444444,
            0.7980769230769231,
            0.8928571428571428,
            0.9430199430199431,
            0.8901098901098901,
            0.8119122257053292,
            0.8901098901098901,
            0.829059829059829
          ],
          "auc_mean": 0.9379120879120879,
          "accuracy_mean": 0.8926190476190475
        },
        "NO_CIRCULAR": {
          "f1_mean": 0.8792035518759658,
          "f1_std": 0.05321617683271392,
          "f1_scores": [
            0.9481481481481482,
            0.9442970822281167,
            0.8444444444444444,
            0.7980769230769231,
            0.8928571428571428,
            0.9430199430199431,
            0.8901098901098901,
            0.8119122257053292,
            0.8901098901098901,
            0.829059829059829
          ],
          "auc_mean": 0.9379120879120879,
          "accuracy_mean": 0.8926190476190475
        }
      },
      "42": {
        "RAW": {
          "f1_mean": 0.8507575909553596,
          "f1_std": 0.06486045418753626,